[{"image_id": "Car__006_85_best_win_non_rider_jpg.rf.2467f5c00fd1b4797a8428707bd9aac2", "category_id": 0, "bbox": [219.875, 71.875, 217.125, 351.125], "score": 0.40161}, {"image_id": "Car__467_79_best_win_non_rider_jpg.rf.afef3f1f68cfe37a192da999f4f4aa77", "category_id": 0, "bbox": [219.25, 233.125, 152.5, 199.875], "score": 0.68506}, {"image_id": "Car__469_89_best_win_non_rider_jpg.rf.a06d74d7a7b89b9249e5d5ef8e6544dd", "category_id": 0, "bbox": [181.375, 208.5, 267.125, 342.5], "score": 0.65381}, {"image_id": "Car__470_89_best_win_non_rider_jpg.rf.a8931e9bb0ad733590d20a03de1591db", "category_id": 0, "bbox": [182.25, 175.375, 236.5, 268.125], "score": 0.38037}, {"image_id": "Car__477_90_best_win_rider_jpg.rf.8563349b35428dfd9444e0d0fbd97b9d", "category_id": 0, "bbox": [183.375, 118.25, 161.125, 204.5], "score": 0.36475}, {"image_id": "Car__483_88_best_win_rider_jpg.rf.2f958212337fb9b164aa8fca30ed5c52", "category_id": 0, "bbox": [144.75, 94.938, 141.0, 216.562], "score": 0.57373}, {"image_id": "Car__483_88_best_win_rider_jpg.rf.2f958212337fb9b164aa8fca30ed5c52", "category_id": 0, "bbox": [141.0, 94.25, 123.25, 164.25], "score": 0.33984}, {"image_id": "Car__491_88_best_win_rider_jpg.rf.ed90cc6fe8531ad0075b37ce8b65fb75", "category_id": 0, "bbox": [169.5, 119.5, 210.0, 292.0], "score": 0.82275}, {"image_id": "Car__494_89_best_win_non_rider_jpg.rf.81b58efb6122b043b31965a9069961ce", "category_id": 0, "bbox": [236.5, 151.25, 187.0, 241.5], "score": 0.68994}, {"image_id": "Car__497_87_best_win_non_rider_jpg.rf.e00150f3de931b62e7cec3bb28f2c9fd", "category_id": 0, "bbox": [165.125, 213.125, 191.875, 295.875], "score": 0.88428}, {"image_id": "Car__518_85_best_win_non_rider_jpg.rf.0378aecaf7c1e2be7b61485a11029094", "category_id": 0, "bbox": [289.5, 154.125, 134.0, 174.875], "score": 0.63623}, {"image_id": "Car__522_37_best_win_rider_jpg.rf.42e00dc5124ceb999a14175d573ed2f4", "category_id": 0, "bbox": [236.5, 89.5, 199.0, 266.0], "score": 0.65771}, {"image_id": "Car__529_87_best_win_rider_jpg.rf.4e3607b16f896b3e6f457217057a7d48", "category_id": 0, "bbox": [204.375, 162.125, 218.125, 227.875], "score": 0.47852}, {"image_id": "Car__559_90_best_win_rider_jpg.rf.bf92dd8f8becfee8b49ab68abe3a0248", "category_id": 0, "bbox": [229.875, 228.5, 178.125, 205.5], "score": 0.30664}, {"image_id": "Car__561_90_best_win_rider_jpg.rf.f683be16b94df3e25fd5c58012cddb6a", "category_id": 0, "bbox": [174.125, 230.875, 196.875, 248.125], "score": 0.64941}, {"image_id": "Car__561_90_best_win_rider_jpg.rf.f683be16b94df3e25fd5c58012cddb6a", "category_id": 0, "bbox": [181.625, 229.25, 147.875, 178.5], "score": 0.39697}, {"image_id": "Car__563_92_best_win_rider_jpg.rf.731297aebe313f5174321fc1aa4e53e5", "category_id": 0, "bbox": [172.0, 175.75, 190.0, 230.5], "score": 0.44067}, {"image_id": "Car__568_90_best_win_non_rider_jpg.rf.b47d90523a301b463355522dcb188ef1", "category_id": 0, "bbox": [166.25, 196.5, 163.5, 239.5], "score": 0.4834}, {"image_id": "Car__499_87_best_win_rider_jpg.rf.a9dfa464c281bd3e28d888fd5958c729", "category_id": 0, "bbox": [129.625, 97.75, 262.875, 283.0], "score": 0.74609}, {"image_id": "Car__432_72_best_win_non_rider_jpg.rf.8dbe108d823eb7c50b650deb037f80a8", "category_id": 0, "bbox": [337.0, 225.875, 120.0, 248.125], "score": 0.6333}, {"image_id": "Car__427_88_best_win_non_rider_jpg.rf.8333aba27d57694d211af0eb4e7e4bdf", "category_id": 0, "bbox": [174.5, 168.75, 197.0, 237.5], "score": 0.45239}, {"image_id": "Car__425_89_best_win_non_rider_jpg.rf.c11f39f919c9d7fee994457c613855f0", "category_id": 0, "bbox": [213.5, 190.25, 151.0, 245.0], "score": 0.49512}, {"image_id": "Car__275_88_best_win_non_rider_jpg.rf.f71f99255cdf86c2b43122f8818dbe25", "category_id": 0, "bbox": [143.875, 227.0, 240.125, 275.5], "score": 0.62988}, {"image_id": "Car__298_89_best_win_rider_jpg.rf.7c8b996faffc6101247536be83874fbe", "category_id": 0, "bbox": [199.0, 99.25, 190.5, 205.25], "score": 0.65137}, {"image_id": "Car__298_89_best_win_rider_jpg.rf.7c8b996faffc6101247536be83874fbe", "category_id": 0, "bbox": [197.5, 99.0, 266.5, 307.5], "score": 0.56689}, {"image_id": "Car__303_89_best_win_rider_jpg.rf.98545700c34cfbc2423acb2238d40488", "category_id": 0, "bbox": [115.0, 106.5, 240.0, 276.0], "score": 0.57275}, {"image_id": "Car__303_89_best_win_rider_jpg.rf.98545700c34cfbc2423acb2238d40488", "category_id": 0, "bbox": [114.25, 93.75, 166.75, 193.25], "score": 0.47949}, {"image_id": "Car__304_87_best_win_rider_jpg.rf.08f59a4fe9f1c7f0edc0f76eb5cd334e", "category_id": 0, "bbox": [133.0, 188.5, 211.5, 264.0], "score": 0.66211}, {"image_id": "Car__329_89_best_win_non_rider_jpg.rf.320123f6bebbe5ac932c7639b1e9eb33", "category_id": 0, "bbox": [235.875, 152.5, 215.125, 258.0], "score": 0.55908}, {"image_id": "Car__329_89_best_win_non_rider_jpg.rf.320123f6bebbe5ac932c7639b1e9eb33", "category_id": 0, "bbox": [230.25, 192.125, 188.5, 221.875], "score": 0.42261}, {"image_id": "Car__355_86_best_win_rider_jpg.rf.a569998b645173161e52e2bb21d52804", "category_id": 0, "bbox": [191.625, 141.25, 156.875, 166.75], "score": 0.59375}, {"image_id": "Car__373_88_best_win_non_rider_jpg.rf.3a509ecf84d93b7571dc0a5f9fc7f786", "category_id": 0, "bbox": [168.625, 124.0, 251.875, 378.5], "score": 0.85449}, {"image_id": "Car__382_90_best_win_non_rider_jpg.rf.0bc4d1e636a424c1770e28bd64c55d61", "category_id": 0, "bbox": [182.5, 204.0, 186.0, 265.5], "score": 0.65674}, {"image_id": "Car__398_89_best_win_rider_jpg.rf.cf0225ff483e431458817b5e23609731", "category_id": 0, "bbox": [164.0, 75.25, 175.0, 234.75], "score": 0.80859}, {"image_id": "Car__424_88_best_win_rider_jpg.rf.614b4e520c0869c30411e1bb0cd0b853", "category_id": 0, "bbox": [130.75, 71.938, 178.75, 237.062], "score": 0.44556}, {"image_id": "Car__577_79_best_win_rider_jpg.rf.ebc67538d2b8549b2e066a14e9750479", "category_id": 0, "bbox": [143.5, 100.0, 212.5, 209.5], "score": 0.69287}, {"image_id": "Car__578_88_best_win_rider_jpg.rf.ddd85a49f09a83999548a1f9b050feaf", "category_id": 0, "bbox": [134.0, 161.0, 175.0, 220.5], "score": 0.52832}, {"image_id": "Car__811_88_best_win_rider_jpg.rf.238b63cf017672dbaf80ae7a11eae213", "category_id": 0, "bbox": [126.375, 176.375, 235.125, 266.125], "score": 0.90723}, {"image_id": "Car__817_87_best_win_rider_jpg.rf.c8fb6d74176a6c5bf6baac1a8a5fa22c", "category_id": 0, "bbox": [195.0, 161.75, 174.5, 180.5], "score": 0.34155}, {"image_id": "Car__879_87_best_win_rider_jpg.rf.7a36b4c237f2546e1eb1400550c9a16b", "category_id": 0, "bbox": [187.0, 115.75, 136.5, 191.0], "score": 0.58887}, {"image_id": "Car__879_87_best_win_rider_jpg.rf.7a36b4c237f2546e1eb1400550c9a16b", "category_id": 0, "bbox": [185.0, 120.75, 173.0, 261.0], "score": 0.45898}, {"image_id": "Car__883_87_best_win_rider_jpg.rf.e7a966d3d88b441b65b9e380c945f35c", "category_id": 0, "bbox": [171.125, 133.0, 155.875, 203.0], "score": 0.64404}, {"image_id": "Car__890_86_best_win_rider_jpg.rf.e3bf59d5bd4dbb6456123ca0cf212c76", "category_id": 0, "bbox": [188.0, 122.0, 161.0, 180.75], "score": 0.62988}, {"image_id": "Car__902_88_best_win_rider_jpg.rf.e5dca97c9b9f54a57aecf470c85cc0eb", "category_id": 0, "bbox": [104.5, 118.0, 235.25, 292.5], "score": 0.54395}, {"image_id": "Car__909_85_best_win_non_rider_jpg.rf.179d411f6f722cb1c77859b6852d069a", "category_id": 0, "bbox": [158.75, 32.5, 172.0, 363.0], "score": 0.84521}, {"image_id": "Car__913_88_best_win_rider_jpg.rf.d6354bad5a65427d95779c9b9328aed4", "category_id": 0, "bbox": [4.75, 153.875, 183.75, 211.125], "score": 0.45898}, {"image_id": "Car__913_88_best_win_rider_jpg.rf.d6354bad5a65427d95779c9b9328aed4", "category_id": 0, "bbox": [0.0, 151.125, 308.0, 322.875], "score": 0.41113}, {"image_id": "Car__932_85_best_win_rider_jpg.rf.78d19aa1da0aef28b9638c1733fd3ae7", "category_id": 0, "bbox": [159.625, 114.5, 166.875, 209.0], "score": 0.71484}, {"image_id": "Car__935_90_best_win_non_rider_jpg.rf.da86ff3efa26b17a3c3369e847ee4ce5", "category_id": 0, "bbox": [116.25, 225.375, 163.75, 204.125], "score": 0.60498}, {"image_id": "Car__937_90_best_win_non_rider_jpg.rf.22b64fc1debbfac9aa5b210980a0883c", "category_id": 0, "bbox": [196.125, 105.0, 205.875, 258.75], "score": 0.71143}, {"image_id": "Car__949_91_best_win_non_rider_jpg.rf.77f1242da2a1dc555aa320a8b694e46e", "category_id": 0, "bbox": [234.25, 162.375, 208.0, 343.125], "score": 0.83301}, {"image_id": "Car__957_88_best_win_rider_jpg.rf.2963527c35311dd7d54c33d7d506774f", "category_id": 0, "bbox": [191.5, 48.375, 108.0, 151.25], "score": 0.36572}, {"image_id": "Car__988_87_best_win_non_rider_jpg.rf.1e0d046d4bbd582107fb27a635bc7868", "category_id": 0, "bbox": [105.812, 46.688, 165.438, 223.062], "score": 0.31323}, {"image_id": "Car__807_87_best_win_rider_jpg.rf.e6278ad947669a2b418b9e1b9a0f20f1", "category_id": 0, "bbox": [154.0, 179.625, 173.0, 209.875], "score": 0.57568}, {"image_id": "Car__806_86_best_win_non_rider_jpg.rf.7c69931705eba6a8d8f0fdd6b2fb1e26", "category_id": 0, "bbox": [194.5, 145.0, 241.5, 324.0], "score": 0.76562}, {"image_id": "Car__793_88_best_win_non_rider_jpg.rf.ae1d7542396686e460dbaae2a60ec3a7", "category_id": 0, "bbox": [183.75, 135.5, 169.5, 222.0], "score": 0.63428}, {"image_id": "Car__592_88_best_win_rider_jpg.rf.205b1083646aa424a9958bf0a925d24a", "category_id": 0, "bbox": [185.5, 192.25, 142.0, 178.5], "score": 0.69824}, {"image_id": "Car__625_88_best_win_rider_jpg.rf.bafbd3ee5d8bdd5b0b1c3a9eaf557c87", "category_id": 0, "bbox": [129.75, 110.5, 211.75, 258.0], "score": 0.84863}, {"image_id": "Car__627_89_best_win_rider_jpg.rf.981783445fd9f35f5b0fb0f9c41db9d9", "category_id": 0, "bbox": [129.25, 124.0, 250.5, 280.5], "score": 0.81689}, {"image_id": "Car__660_90_best_win_non_rider_jpg.rf.275dd2046ca58e379fa42a328f4caeff", "category_id": 0, "bbox": [124.0, 111.0, 221.5, 325.0], "score": 0.72314}, {"image_id": "Car__662_87_best_win_rider_jpg.rf.030a6e47192095c4233107a4fb9426b9", "category_id": 0, "bbox": [172.75, 142.5, 148.5, 221.5], "score": 0.62988}, {"image_id": "Car__678_89_best_win_non_rider_jpg.rf.290cfeba06fbde14bac4721d761cf285", "category_id": 0, "bbox": [164.25, 142.5, 215.0, 360.0], "score": 0.62793}, {"image_id": "Car__681_90_best_win_rider_jpg.rf.46df3ff315979d4eb0f7655c90fc2ba1", "category_id": 0, "bbox": [193.25, 189.0, 180.0, 241.0], "score": 0.7583}, {"image_id": "Car__691_87_best_win_rider_jpg.rf.2ee9941e8b1b7e01211bb3de341cbc25", "category_id": 0, "bbox": [148.0, 60.75, 325.5, 363.0], "score": 0.82178}, {"image_id": "Car__693_90_best_win_rider_jpg.rf.b58a3c1ed04cc39aba1cb5dd2865f792", "category_id": 0, "bbox": [119.875, 182.0, 242.125, 274.5], "score": 0.92969}, {"image_id": "Car__722_87_best_win_rider_jpg.rf.60f87f285b56779654e6b573d3bbde89", "category_id": 0, "bbox": [166.875, 139.875, 246.125, 305.125], "score": 0.83057}, {"image_id": "Car__770_89_best_win_rider_jpg.rf.2670c761d40b695b3c68043b55969d67", "category_id": 0, "bbox": [224.0, 173.375, 239.0, 241.125], "score": 0.59619}, {"image_id": "Car__783_81_best_win_rider_jpg.rf.c6dc3047f65aaa2dec87d3e21698f4fb", "category_id": 0, "bbox": [136.75, 139.375, 193.75, 224.125], "score": 0.77393}, {"image_id": "Car__798_87_best_win_non_rider_jpg.rf.4bfe1cc8e7b0de6b3e310f4258666e15", "category_id": 0, "bbox": [202.75, 134.75, 145.5, 206.5], "score": 0.56494}, {"image_id": "Car__269_88_best_win_rider_jpg.rf.d451cff38f5e22f587a1ff4cedfb77fd", "category_id": 0, "bbox": [142.5, 110.875, 202.0, 274.125], "score": 0.5918}, {"image_id": "Car__259_89_best_win_rider_jpg.rf.54f06792ead5e135c2d93a813fd3e32c", "category_id": 0, "bbox": [169.75, 123.0, 176.5, 218.25], "score": 0.58398}, {"image_id": "Car__1142_90_best_win_non_rider_jpg.rf.68b01a4d6f7354d5ee69e176846c4080", "category_id": 0, "bbox": [193.5, 166.0, 146.5, 245.5], "score": 0.36304}, {"image_id": "Car__1143_85_best_win_rider_jpg.rf.d722324d26de28bb35a606a37f0254c3", "category_id": 0, "bbox": [122.5, 0.0, 258.0, 337.5], "score": 0.86035}, {"image_id": "Car__1147_86_best_win_rider_jpg.rf.d8ea3da88374bc2d7d61ebc9b801dca2", "category_id": 0, "bbox": [192.75, 100.25, 129.5, 138.5], "score": 0.35669}, {"image_id": "Car__1148_86_best_win_rider_jpg.rf.0348c6351eabe47d70487f76bccbf599", "category_id": 0, "bbox": [202.25, 188.125, 166.0, 176.875], "score": 0.38403}, {"image_id": "Car__1152_90_best_win_rider_jpg.rf.00d801c9efed4f923ce5111bec31dbcf", "category_id": 0, "bbox": [147.5, 150.0, 205.0, 240.5], "score": 0.86768}, {"image_id": "Car__1184_88_best_win_rider_jpg.rf.99af1f7cb657c38968e6e520b06ecbec", "category_id": 0, "bbox": [174.625, 120.5, 146.875, 202.5], "score": 0.71045}, {"image_id": "Car__1184_88_best_win_rider_jpg.rf.99af1f7cb657c38968e6e520b06ecbec", "category_id": 0, "bbox": [178.75, 123.0, 164.5, 268.5], "score": 0.30908}, {"image_id": "Car__1186_88_best_win_rider_jpg.rf.a138f0d0a4b2dee843a6f8233f673274", "category_id": 0, "bbox": [192.625, 164.375, 211.875, 235.125], "score": 0.83594}, {"image_id": "Car__1186_88_best_win_rider_jpg.rf.a138f0d0a4b2dee843a6f8233f673274", "category_id": 0, "bbox": [188.25, 159.5, 141.0, 148.0], "score": 0.44165}, {"image_id": "Car__1193_89_best_win_rider_jpg.rf.e395bbde01f8f90698c1ee01065aa106", "category_id": 0, "bbox": [105.0, 139.75, 157.25, 225.5], "score": 0.55176}, {"image_id": "Car__1199_89_best_win_non_rider_jpg.rf.35a4776da3c5b0d6335dd06b54fbc303", "category_id": 0, "bbox": [145.0, 146.0, 232.5, 331.5], "score": 0.7793}, {"image_id": "Car__1204_89_best_win_rider_jpg.rf.6d9f870cde8577326ac20ae0a320dcd7", "category_id": 0, "bbox": [160.5, 145.5, 266.0, 314.0], "score": 0.80762}, {"image_id": "Car__1209_91_best_win_rider_jpg.rf.aeece6ab02be6f6bfe8c7f0ff89fedb4", "category_id": 0, "bbox": [163.625, 168.25, 184.875, 178.5], "score": 0.45508}, {"image_id": "Car__1209_91_best_win_rider_jpg.rf.aeece6ab02be6f6bfe8c7f0ff89fedb4", "category_id": 0, "bbox": [141.875, 124.5, 206.125, 228.0], "score": 0.3877}, {"image_id": "Car__1223_90_best_win_rider_jpg.rf.fdf40013186571cd76efdbfafb1f1768", "category_id": 0, "bbox": [152.25, 166.5, 261.0, 276.5], "score": 0.84668}, {"image_id": "Car__1126_89_best_win_rider_jpg.rf.20742d7ad4314bc55aaba25bcd3129f4", "category_id": 0, "bbox": [197.25, 83.5, 265.0, 352.0], "score": 0.43018}, {"image_id": "Car__1126_89_best_win_rider_jpg.rf.20742d7ad4314bc55aaba25bcd3129f4", "category_id": 0, "bbox": [180.5, 65.0, 243.5, 305.25], "score": 0.32178}, {"image_id": "Car__1104_89_best_win_rider_jpg.rf.2c9bf97b27f2e3ec1a730653bfdb5d16", "category_id": 0, "bbox": [234.625, 194.5, 158.875, 209.5], "score": 0.5166}, {"image_id": "Car__009_88_best_win_non_rider_jpg.rf.eef3d7e01b71ef51f0df832763dd7046", "category_id": 0, "bbox": [190.0, 236.5, 146.5, 219.0], "score": 0.65332}, {"image_id": "Car__018_88_best_win_non_rider_jpg.rf.c23dd3e681d2b785ffb0b8ff990bf19a", "category_id": 0, "bbox": [206.75, 167.375, 207.5, 325.125], "score": 0.77979}, {"image_id": "Car__019_90_best_win_rider_jpg.rf.9137281d2d55ef786a24bb23a5d94f0b", "category_id": 0, "bbox": [186.125, 121.75, 194.875, 266.5], "score": 0.89746}, {"image_id": "Car__029_85_best_win_rider_jpg.rf.7880e7675af8f616cc1eae638b080a70", "category_id": 0, "bbox": [170.125, 84.688, 192.875, 231.562], "score": 0.61621}, {"image_id": "Car__035_87_best_win_rider_jpg.rf.b22a303362fb7b6a4b0496e337de8d3d", "category_id": 0, "bbox": [165.25, 194.25, 179.0, 163.0], "score": 0.59473}, {"image_id": "Car__035_87_best_win_rider_jpg.rf.b22a303362fb7b6a4b0496e337de8d3d", "category_id": 0, "bbox": [122.0, 143.5, 221.5, 218.5], "score": 0.53418}, {"image_id": "Car__036_87_best_win_rider_jpg.rf.deff5e18f46a3fe937a337cbd9331bd0", "category_id": 0, "bbox": [222.125, 229.375, 166.875, 211.125], "score": 0.72412}, {"image_id": "Car__039_87_best_win_rider_jpg.rf.d41328afea5066a7b3f1cdb0234033d5", "category_id": 0, "bbox": [169.875, 220.25, 199.125, 228.0], "score": 0.86475}, {"image_id": "Car__050_88_best_win_non_rider_jpg.rf.58ce613371dee87b0b263d7feba7813c", "category_id": 0, "bbox": [208.25, 178.125, 162.5, 219.875], "score": 0.69775}, {"image_id": "Car__054_87_best_win_rider_jpg.rf.d3fc821dad63fb8b083267da8d194fe5", "category_id": 0, "bbox": [213.0, 112.5, 247.5, 303.0], "score": 0.646}, {"image_id": "Car__054_87_best_win_rider_jpg.rf.d3fc821dad63fb8b083267da8d194fe5", "category_id": 0, "bbox": [214.875, 119.5, 196.125, 217.5], "score": 0.34326}, {"image_id": "Car__067_87_best_win_rider_jpg.rf.56ba51d617dd0ca943b39926f0eb446a", "category_id": 0, "bbox": [156.75, 221.0, 197.0, 229.5], "score": 0.49316}, {"image_id": "Car__067_87_best_win_rider_jpg.rf.56ba51d617dd0ca943b39926f0eb446a", "category_id": 0, "bbox": [175.25, 268.25, 187.5, 180.5], "score": 0.35229}, {"image_id": "Car__074_88_best_win_rider_jpg.rf.04b659bc1028325336d6cf3c0d95ac06", "category_id": 0, "bbox": [139.75, 130.0, 158.0, 205.5], "score": 0.34961}, {"image_id": "Car__078_90_best_win_rider_jpg.rf.709cd31cea8821740278d8c2ccea3f5a", "category_id": 0, "bbox": [137.5, 236.375, 175.0, 226.125], "score": 0.86768}, {"image_id": "Car__093_87_best_win_rider_jpg.rf.bef967a57149d7ccdb13bd4bd45b33ce", "category_id": 0, "bbox": [166.625, 184.125, 241.875, 275.875], "score": 0.89746}, {"image_id": "Car__1020_88_best_win_rider_jpg.rf.8004df5fdba4c4c7a4772751eb0dd0cd", "category_id": 0, "bbox": [218.625, 133.0, 177.875, 207.5], "score": 0.45435}, {"image_id": "Car__1023_81_best_win_rider_jpg.rf.c65542d640208c1add5ded0d753d60ee", "category_id": 0, "bbox": [166.875, 182.625, 177.125, 183.875], "score": 0.37012}, {"image_id": "Car__1029_87_best_win_non_rider_jpg.rf.0daa362b8a5bfab8889d21f939753010", "category_id": 0, "bbox": [224.125, 184.25, 159.875, 214.5], "score": 0.58691}, {"image_id": "Car__1029_87_best_win_rider_jpg.rf.ca002a9235001ad8968dce51164b205d", "category_id": 0, "bbox": [128.75, 77.0, 168.0, 228.25], "score": 0.43408}, {"image_id": "Car__1034_86_best_win_non_rider_jpg.rf.ee41e5879075e10b64247951b41c5bc2", "category_id": 0, "bbox": [206.75, 180.0, 198.5, 314.0], "score": 0.80127}, {"image_id": "Car__1036_84_best_win_rider_jpg.rf.9efdee8872e109028c3300d28d392288", "category_id": 0, "bbox": [128.25, 167.25, 181.0, 271.5], "score": 0.80078}, {"image_id": "Car__1042_90_best_win_rider_jpg.rf.11b92acc4cb17f6be17aa78ce7e67aa5", "category_id": 0, "bbox": [189.0, 114.5, 168.5, 214.0], "score": 0.39233}, {"image_id": "Car__1054_88_best_win_rider_jpg.rf.0b337fd7c52ee9d5083384af03424461", "category_id": 0, "bbox": [233.625, 156.625, 165.875, 264.875], "score": 0.4082}, {"image_id": "Car__1071_87_best_win_non_rider_jpg.rf.867adaae92dec39f22c7aeafcc21b24a", "category_id": 0, "bbox": [165.0, 223.25, 156.0, 257.0], "score": 0.57764}, {"image_id": "Car__1088_89_best_win_rider_jpg.rf.27014e8e8b7c3d29b1ee7f73a9d9745e", "category_id": 0, "bbox": [179.75, 140.0, 182.5, 197.25], "score": 0.46289}, {"image_id": "Car__1089_89_best_win_rider_jpg.rf.e6ae78c92b0d769b43bbc18baddc201e", "category_id": 0, "bbox": [146.0, 76.25, 224.5, 238.75], "score": 0.76758}, {"image_id": "Car__1097_88_best_win_non_rider_jpg.rf.babdd4446e810103782af398f1545e26", "category_id": 0, "bbox": [171.75, 193.375, 166.0, 262.125], "score": 0.8125}, {"image_id": "Car__126_88_best_win_rider_jpg.rf.a8be91b2f8889330deafb1b982126417", "category_id": 0, "bbox": [193.0, 138.5, 215.0, 246.0], "score": 0.78467}, {"image_id": "Car__1285_89_best_win_rider_jpg.rf.b8abf31676a5a7adf46e8cf556438b6a", "category_id": 0, "bbox": [131.75, 140.0, 205.25, 232.5], "score": 0.72021}, {"image_id": "Car__1285_89_best_win_rider_jpg.rf.b8abf31676a5a7adf46e8cf556438b6a", "category_id": 0, "bbox": [133.0, 137.25, 143.5, 157.5], "score": 0.54883}, {"image_id": "Car__1418_89_best_win_non_rider_jpg.rf.e785edfccd8b60850642a254d36c36a6", "category_id": 0, "bbox": [148.0, 157.5, 247.5, 348.5], "score": 0.85742}, {"image_id": "Car__153_91_best_win_rider_jpg.rf.6a4634e32b89da028dc05bb35dd55217", "category_id": 0, "bbox": [123.0, 142.5, 238.0, 272.5], "score": 0.89648}, {"image_id": "Car__161_84_best_win_rider_jpg.rf.c09176ceb5acae66992fa051f0ffee42", "category_id": 0, "bbox": [164.5, 244.5, 153.5, 188.0], "score": 0.8208}, {"image_id": "Car__171_88_best_win_rider_jpg.rf.97c910ab1514ee60b6972aad75f6d4bd", "category_id": 0, "bbox": [213.25, 146.0, 148.0, 158.0], "score": 0.45508}, {"image_id": "Car__187_88_best_win_rider_jpg.rf.53852aa62c5e5213c3c5a247e74bd73f", "category_id": 0, "bbox": [154.5, 119.375, 222.0, 269.125], "score": 0.55811}, {"image_id": "Car__195_90_best_win_non_rider_jpg.rf.cea5052b450da3f590f3a90ff23096fb", "category_id": 0, "bbox": [187.875, 134.375, 180.125, 315.125], "score": 0.7251}, {"image_id": "Car__213_86_best_win_rider_jpg.rf.e540b458af6616c76daefb7302306538", "category_id": 0, "bbox": [143.5, 78.75, 160.25, 199.25], "score": 0.5127}, {"image_id": "Car__215_87_best_win_rider_jpg.rf.632a3b499abf891bda3750558f894228", "category_id": 0, "bbox": [206.5, 151.875, 206.5, 279.125], "score": 0.79199}, {"image_id": "Car__216_88_best_win_rider_jpg.rf.7d73ad29055efef86d01fb0fba8bc169", "category_id": 0, "bbox": [150.25, 189.25, 264.0, 245.5], "score": 0.75146}, {"image_id": "Car__235_89_best_win_rider_jpg.rf.c1cf27b001b5191c240079ac3a99c42a", "category_id": 0, "bbox": [131.0, 200.25, 127.5, 139.5], "score": 0.61426}, {"image_id": "Car__244_87_best_win_non_rider_jpg.rf.43782f05c9c113bda62cd7938ebe9114", "category_id": 0, "bbox": [172.5, 160.0, 199.5, 318.0], "score": 0.75195}, {"image_id": "Car__247_88_best_win_rider_jpg.rf.aac700b28a7cdcd480be0ba4c0d86216", "category_id": 0, "bbox": [160.0, 174.125, 207.0, 257.875], "score": 0.90625}, {"image_id": "Car__254_86_best_win_rider_jpg.rf.894047b54585248bb89daf3f8e593ad1", "category_id": 0, "bbox": [191.25, 120.125, 162.5, 242.875], "score": 0.81445}, {"image_id": "Car__258_88_best_win_rider_jpg.rf.3653a0d9fed269bebe897f3f3162a469", "category_id": 0, "bbox": [139.25, 98.0, 164.75, 209.75], "score": 0.55566}, {"image_id": "Car__258_88_best_win_rider_jpg.rf.3653a0d9fed269bebe897f3f3162a469", "category_id": 0, "bbox": [133.75, 90.0, 217.5, 294.0], "score": 0.42627}, {"image_id": "Car__1271_87_best_win_non_rider_jpg.rf.9a119078a0462dd94f63fc3e3d9cdbcc", "category_id": 0, "bbox": [140.75, 158.5, 242.5, 351.5], "score": 0.77979}, {"image_id": "Car__1411_89_best_win_rider_jpg.rf.b18e4c6dfaaccfe16c7b9dd0f31e3bee", "category_id": 0, "bbox": [145.375, 184.75, 183.125, 216.0], "score": 0.64941}, {"image_id": "Car__1399_87_best_win_rider_jpg.rf.600665fafa8b9e3dfcc0d693c558755f", "category_id": 0, "bbox": [207.0, 144.5, 199.5, 268.5], "score": 0.93262}, {"image_id": "Car__1287_88_best_win_rider_jpg.rf.2b9c9a5a20ad6ffdb3bcdd11008cf185", "category_id": 0, "bbox": [139.75, 274.0, 152.0, 170.0], "score": 0.77979}, {"image_id": "Car__1333_82_best_win_rider_jpg.rf.c71a665f286f35b07da04b01941e1c28", "category_id": 0, "bbox": [146.5, 165.5, 218.0, 294.0], "score": 0.81445}, {"image_id": "Car__1336_90_best_win_rider_jpg.rf.2d5a619eb4918fb1078d190fd6b9db8c", "category_id": 0, "bbox": [94.812, 151.0, 232.438, 288.0], "score": 0.77539}, {"image_id": "Car__1339_89_best_win_rider_jpg.rf.0bdbf844bb350d11ed8d56cc150eefa8", "category_id": 0, "bbox": [149.5, 153.5, 260.0, 313.0], "score": 0.76709}, {"image_id": "Car__1343_89_best_win_rider_jpg.rf.059d6c4fcf4fc4b3cb2cb9ce9c44a36a", "category_id": 0, "bbox": [190.25, 209.0, 156.5, 249.5], "score": 0.82861}, {"image_id": "Car__1345_86_best_win_rider_jpg.rf.399c9e057cc971cd087ad00537dfd40e", "category_id": 0, "bbox": [141.5, 49.0, 220.5, 331.0], "score": 0.77344}, {"image_id": "Car__1356_87_best_win_rider_jpg.rf.551e6a15cab874d2117541c0e8b9277a", "category_id": 0, "bbox": [133.625, 185.25, 211.875, 249.0], "score": 0.37476}, {"image_id": "Car__1361_84_best_win_non_rider_jpg.rf.8e09679d3d4580faf1a83e7dc5b97481", "category_id": 0, "bbox": [169.5, 189.0, 205.5, 315.5], "score": 0.78418}, {"image_id": "Car__1361_84_best_win_rider_jpg.rf.81cde688c7f797488d9cafcab3a6008c", "category_id": 0, "bbox": [176.25, 250.5, 154.5, 212.0], "score": 0.58154}, {"image_id": "Car__1363_87_best_win_rider_jpg.rf.d33b7ee78a9568b455355e43f19c421e", "category_id": 0, "bbox": [164.25, 174.25, 212.5, 265.0], "score": 0.95703}, {"image_id": "Car__137_90_best_win_rider_jpg.rf.a3cf107bff8a12f86f6ecdd92624d5f4", "category_id": 0, "bbox": [193.375, 110.0, 201.125, 264.5], "score": 0.90088}, {"image_id": "Car__1381_89_best_win_rider_jpg.rf.6fceb6b6c7bec092aa4aba8a1df59df7", "category_id": 0, "bbox": [107.5, 99.812, 183.5, 230.438], "score": 0.56201}, {"image_id": "Car__138_86_best_win_rider_jpg.rf.36b11b8ee598bb64a35eca26785077bf", "category_id": 0, "bbox": [199.625, 203.0, 246.875, 314.0], "score": 0.85254}, {"image_id": "Car__1394_91_best_win_rider_jpg.rf.585aa5d0b6f01513b9d16424ee4a920b", "category_id": 0, "bbox": [196.0, 147.375, 147.5, 189.125], "score": 0.43213}, {"image_id": "Car__997_86_best_win_rider_jpg.rf.299e5dd417137c6d5a765e00b8eb7ecf", "category_id": 0, "bbox": [114.5, 149.0, 134.5, 168.0], "score": 0.64795}]