[{"image_id": "Car__006_85_best_win_non_rider_jpg.rf.2467f5c00fd1b4797a8428707bd9aac2", "category_id": 0, "bbox": [219.666, 71.617, 217.357, 351.556], "score": 0.40135}, {"image_id": "Car__467_79_best_win_non_rider_jpg.rf.afef3f1f68cfe37a192da999f4f4aa77", "category_id": 0, "bbox": [219.193, 233.092, 152.588, 199.548], "score": 0.6854}, {"image_id": "Car__469_89_best_win_non_rider_jpg.rf.a06d74d7a7b89b9249e5d5ef8e6544dd", "category_id": 0, "bbox": [181.257, 208.373, 267.112, 342.834], "score": 0.65506}, {"image_id": "Car__470_89_best_win_non_rider_jpg.rf.a8931e9bb0ad733590d20a03de1591db", "category_id": 0, "bbox": [182.421, 175.25, 236.292, 268.284], "score": 0.38037}, {"image_id": "Car__477_90_best_win_rider_jpg.rf.8563349b35428dfd9444e0d0fbd97b9d", "category_id": 0, "bbox": [183.145, 118.391, 161.341, 204.318], "score": 0.36471}, {"image_id": "Car__483_88_best_win_rider_jpg.rf.2f958212337fb9b164aa8fca30ed5c52", "category_id": 0, "bbox": [144.536, 94.828, 141.204, 216.675], "score": 0.57052}, {"image_id": "Car__483_88_best_win_rider_jpg.rf.2f958212337fb9b164aa8fca30ed5c52", "category_id": 0, "bbox": [140.848, 94.091, 123.362, 164.446], "score": 0.34785}, {"image_id": "Car__491_88_best_win_rider_jpg.rf.ed90cc6fe8531ad0075b37ce8b65fb75", "category_id": 0, "bbox": [169.473, 119.69, 209.923, 291.761], "score": 0.82306}, {"image_id": "Car__494_89_best_win_non_rider_jpg.rf.81b58efb6122b043b31965a9069961ce", "category_id": 0, "bbox": [236.239, 151.148, 187.329, 241.493], "score": 0.6898}, {"image_id": "Car__497_87_best_win_non_rider_jpg.rf.e00150f3de931b62e7cec3bb28f2c9fd", "category_id": 0, "bbox": [165.204, 213.269, 191.778, 295.693], "score": 0.8846}, {"image_id": "Car__518_85_best_win_non_rider_jpg.rf.0378aecaf7c1e2be7b61485a11029094", "category_id": 0, "bbox": [289.586, 154.323, 133.675, 174.792], "score": 0.63674}, {"image_id": "Car__522_37_best_win_rider_jpg.rf.42e00dc5124ceb999a14175d573ed2f4", "category_id": 0, "bbox": [236.554, 89.626, 198.591, 265.682], "score": 0.65914}, {"image_id": "Car__529_87_best_win_rider_jpg.rf.4e3607b16f896b3e6f457217057a7d48", "category_id": 0, "bbox": [204.461, 161.919, 218.193, 227.728], "score": 0.47979}, {"image_id": "Car__559_90_best_win_rider_jpg.rf.bf92dd8f8becfee8b49ab68abe3a0248", "category_id": 0, "bbox": [229.598, 228.502, 178.474, 205.688], "score": 0.30698}, {"image_id": "Car__561_90_best_win_rider_jpg.rf.f683be16b94df3e25fd5c58012cddb6a", "category_id": 0, "bbox": [174.179, 230.741, 196.976, 248.369], "score": 0.64852}, {"image_id": "Car__561_90_best_win_rider_jpg.rf.f683be16b94df3e25fd5c58012cddb6a", "category_id": 0, "bbox": [181.56, 229.37, 147.608, 178.395], "score": 0.39678}, {"image_id": "Car__563_92_best_win_rider_jpg.rf.731297aebe313f5174321fc1aa4e53e5", "category_id": 0, "bbox": [171.767, 175.733, 190.159, 230.485], "score": 0.4413}, {"image_id": "Car__568_90_best_win_non_rider_jpg.rf.b47d90523a301b463355522dcb188ef1", "category_id": 0, "bbox": [166.327, 196.39, 163.367, 239.571], "score": 0.48265}, {"image_id": "Car__499_87_best_win_rider_jpg.rf.a9dfa464c281bd3e28d888fd5958c729", "category_id": 0, "bbox": [129.432, 97.696, 262.906, 282.997], "score": 0.74571}, {"image_id": "Car__432_72_best_win_non_rider_jpg.rf.8dbe108d823eb7c50b650deb037f80a8", "category_id": 0, "bbox": [337.134, 225.925, 119.636, 248.255], "score": 0.63359}, {"image_id": "Car__427_88_best_win_non_rider_jpg.rf.8333aba27d57694d211af0eb4e7e4bdf", "category_id": 0, "bbox": [174.539, 168.678, 196.952, 237.516], "score": 0.45292}, {"image_id": "Car__425_89_best_win_non_rider_jpg.rf.c11f39f919c9d7fee994457c613855f0", "category_id": 0, "bbox": [213.431, 190.244, 150.998, 244.915], "score": 0.49569}, {"image_id": "Car__275_88_best_win_non_rider_jpg.rf.f71f99255cdf86c2b43122f8818dbe25", "category_id": 0, "bbox": [143.784, 226.993, 240.149, 275.398], "score": 0.62969}, {"image_id": "Car__298_89_best_win_rider_jpg.rf.7c8b996faffc6101247536be83874fbe", "category_id": 0, "bbox": [199.123, 99.287, 190.449, 205.223], "score": 0.65123}, {"image_id": "Car__298_89_best_win_rider_jpg.rf.7c8b996faffc6101247536be83874fbe", "category_id": 0, "bbox": [197.407, 98.865, 266.668, 307.529], "score": 0.56677}, {"image_id": "Car__303_89_best_win_rider_jpg.rf.98545700c34cfbc2423acb2238d40488", "category_id": 0, "bbox": [114.949, 106.465, 239.941, 276.116], "score": 0.57084}, {"image_id": "Car__303_89_best_win_rider_jpg.rf.98545700c34cfbc2423acb2238d40488", "category_id": 0, "bbox": [114.301, 93.647, 166.603, 193.465], "score": 0.48131}, {"image_id": "Car__304_87_best_win_rider_jpg.rf.08f59a4fe9f1c7f0edc0f76eb5cd334e", "category_id": 0, "bbox": [132.819, 188.3, 211.852, 264.125], "score": 0.66291}, {"image_id": "Car__329_89_best_win_non_rider_jpg.rf.320123f6bebbe5ac932c7639b1e9eb33", "category_id": 0, "bbox": [235.833, 152.414, 215.214, 258.088], "score": 0.55928}, {"image_id": "Car__329_89_best_win_non_rider_jpg.rf.320123f6bebbe5ac932c7639b1e9eb33", "category_id": 0, "bbox": [230.271, 191.996, 188.383, 221.712], "score": 0.42543}, {"image_id": "Car__355_86_best_win_rider_jpg.rf.a569998b645173161e52e2bb21d52804", "category_id": 0, "bbox": [191.814, 141.35, 156.521, 166.598], "score": 0.59302}, {"image_id": "Car__373_88_best_win_non_rider_jpg.rf.3a509ecf84d93b7571dc0a5f9fc7f786", "category_id": 0, "bbox": [168.836, 124.011, 251.588, 378.404], "score": 0.85412}, {"image_id": "Car__382_90_best_win_non_rider_jpg.rf.0bc4d1e636a424c1770e28bd64c55d61", "category_id": 0, "bbox": [182.589, 203.989, 185.962, 265.589], "score": 0.65743}, {"image_id": "Car__398_89_best_win_rider_jpg.rf.cf0225ff483e431458817b5e23609731", "category_id": 0, "bbox": [163.944, 75.225, 175.147, 234.761], "score": 0.80873}, {"image_id": "Car__424_88_best_win_rider_jpg.rf.614b4e520c0869c30411e1bb0cd0b853", "category_id": 0, "bbox": [130.812, 71.901, 178.725, 236.869], "score": 0.44517}, {"image_id": "Car__577_79_best_win_rider_jpg.rf.ebc67538d2b8549b2e066a14e9750479", "category_id": 0, "bbox": [143.414, 99.974, 212.615, 209.649], "score": 0.69279}, {"image_id": "Car__578_88_best_win_rider_jpg.rf.ddd85a49f09a83999548a1f9b050feaf", "category_id": 0, "bbox": [134.03, 160.921, 175.1, 220.56], "score": 0.52768}, {"image_id": "Car__811_88_best_win_rider_jpg.rf.238b63cf017672dbaf80ae7a11eae213", "category_id": 0, "bbox": [126.174, 176.264, 235.497, 266.15], "score": 0.90714}, {"image_id": "Car__817_87_best_win_rider_jpg.rf.c8fb6d74176a6c5bf6baac1a8a5fa22c", "category_id": 0, "bbox": [194.94, 161.869, 174.493, 180.312], "score": 0.34133}, {"image_id": "Car__879_87_best_win_rider_jpg.rf.7a36b4c237f2546e1eb1400550c9a16b", "category_id": 0, "bbox": [186.877, 115.557, 136.67, 191.215], "score": 0.58973}, {"image_id": "Car__879_87_best_win_rider_jpg.rf.7a36b4c237f2546e1eb1400550c9a16b", "category_id": 0, "bbox": [185.073, 120.513, 172.815, 261.19], "score": 0.45661}, {"image_id": "Car__883_87_best_win_rider_jpg.rf.e7a966d3d88b441b65b9e380c945f35c", "category_id": 0, "bbox": [171.223, 132.944, 155.829, 203.008], "score": 0.64412}, {"image_id": "Car__890_86_best_win_rider_jpg.rf.e3bf59d5bd4dbb6456123ca0cf212c76", "category_id": 0, "bbox": [188.07, 122.073, 160.96, 180.653], "score": 0.62983}, {"image_id": "Car__902_88_best_win_rider_jpg.rf.e5dca97c9b9f54a57aecf470c85cc0eb", "category_id": 0, "bbox": [104.498, 117.848, 235.22, 292.759], "score": 0.54377}, {"image_id": "Car__909_85_best_win_non_rider_jpg.rf.179d411f6f722cb1c77859b6852d069a", "category_id": 0, "bbox": [158.908, 32.578, 171.656, 363.06], "score": 0.84595}, {"image_id": "Car__913_88_best_win_rider_jpg.rf.d6354bad5a65427d95779c9b9328aed4", "category_id": 0, "bbox": [4.727, 153.713, 183.714, 211.406], "score": 0.4593}, {"image_id": "Car__913_88_best_win_rider_jpg.rf.d6354bad5a65427d95779c9b9328aed4", "category_id": 0, "bbox": [0.0, 151.145, 307.985, 322.785], "score": 0.41084}, {"image_id": "Car__932_85_best_win_rider_jpg.rf.78d19aa1da0aef28b9638c1733fd3ae7", "category_id": 0, "bbox": [159.668, 114.555, 166.905, 208.984], "score": 0.71453}, {"image_id": "Car__935_90_best_win_non_rider_jpg.rf.da86ff3efa26b17a3c3369e847ee4ce5", "category_id": 0, "bbox": [116.344, 225.285, 163.49, 204.17], "score": 0.60542}, {"image_id": "Car__937_90_best_win_non_rider_jpg.rf.22b64fc1debbfac9aa5b210980a0883c", "category_id": 0, "bbox": [196.252, 105.166, 205.861, 258.561], "score": 0.71197}, {"image_id": "Car__949_91_best_win_non_rider_jpg.rf.77f1242da2a1dc555aa320a8b694e46e", "category_id": 0, "bbox": [234.09, 162.251, 208.213, 343.45], "score": 0.83235}, {"image_id": "Car__957_88_best_win_rider_jpg.rf.2963527c35311dd7d54c33d7d506774f", "category_id": 0, "bbox": [191.455, 48.433, 107.944, 151.2], "score": 0.36648}, {"image_id": "Car__988_87_best_win_non_rider_jpg.rf.1e0d046d4bbd582107fb27a635bc7868", "category_id": 0, "bbox": [105.803, 46.569, 165.434, 223.258], "score": 0.31258}, {"image_id": "Car__807_87_best_win_rider_jpg.rf.e6278ad947669a2b418b9e1b9a0f20f1", "category_id": 0, "bbox": [153.988, 179.41, 173.097, 209.834], "score": 0.57676}, {"image_id": "Car__806_86_best_win_non_rider_jpg.rf.7c69931705eba6a8d8f0fdd6b2fb1e26", "category_id": 0, "bbox": [194.443, 145.043, 241.625, 323.885], "score": 0.76585}, {"image_id": "Car__793_88_best_win_non_rider_jpg.rf.ae1d7542396686e460dbaae2a60ec3a7", "category_id": 0, "bbox": [184.011, 135.607, 169.218, 221.898], "score": 0.633}, {"image_id": "Car__592_88_best_win_rider_jpg.rf.205b1083646aa424a9958bf0a925d24a", "category_id": 0, "bbox": [185.381, 192.284, 142.021, 178.548], "score": 0.69802}, {"image_id": "Car__625_88_best_win_rider_jpg.rf.bafbd3ee5d8bdd5b0b1c3a9eaf557c87", "category_id": 0, "bbox": [129.697, 110.373, 211.761, 258.154], "score": 0.84889}, {"image_id": "Car__627_89_best_win_rider_jpg.rf.981783445fd9f35f5b0fb0f9c41db9d9", "category_id": 0, "bbox": [129.432, 123.918, 250.349, 280.5], "score": 0.81707}, {"image_id": "Car__660_90_best_win_non_rider_jpg.rf.275dd2046ca58e379fa42a328f4caeff", "category_id": 0, "bbox": [124.099, 111.052, 221.511, 324.93], "score": 0.72383}, {"image_id": "Car__662_87_best_win_rider_jpg.rf.030a6e47192095c4233107a4fb9426b9", "category_id": 0, "bbox": [172.773, 142.207, 148.4, 221.771], "score": 0.62971}, {"image_id": "Car__678_89_best_win_non_rider_jpg.rf.290cfeba06fbde14bac4721d761cf285", "category_id": 0, "bbox": [164.215, 142.488, 215.104, 359.868], "score": 0.62768}, {"image_id": "Car__681_90_best_win_rider_jpg.rf.46df3ff315979d4eb0f7655c90fc2ba1", "category_id": 0, "bbox": [193.013, 188.931, 180.267, 240.972], "score": 0.75798}, {"image_id": "Car__691_87_best_win_rider_jpg.rf.2ee9941e8b1b7e01211bb3de341cbc25", "category_id": 0, "bbox": [148.019, 60.652, 325.419, 363.193], "score": 0.82252}, {"image_id": "Car__693_90_best_win_rider_jpg.rf.b58a3c1ed04cc39aba1cb5dd2865f792", "category_id": 0, "bbox": [119.716, 181.922, 242.29, 274.586], "score": 0.9297}, {"image_id": "Car__722_87_best_win_rider_jpg.rf.60f87f285b56779654e6b573d3bbde89", "category_id": 0, "bbox": [166.791, 139.783, 246.331, 305.362], "score": 0.8307}, {"image_id": "Car__770_89_best_win_rider_jpg.rf.2670c761d40b695b3c68043b55969d67", "category_id": 0, "bbox": [224.126, 173.265, 238.898, 241.09], "score": 0.59546}, {"image_id": "Car__783_81_best_win_rider_jpg.rf.c6dc3047f65aaa2dec87d3e21698f4fb", "category_id": 0, "bbox": [136.647, 139.294, 193.834, 224.322], "score": 0.77275}, {"image_id": "Car__798_87_best_win_non_rider_jpg.rf.4bfe1cc8e7b0de6b3e310f4258666e15", "category_id": 0, "bbox": [202.615, 134.855, 145.655, 206.457], "score": 0.56634}, {"image_id": "Car__269_88_best_win_rider_jpg.rf.d451cff38f5e22f587a1ff4cedfb77fd", "category_id": 0, "bbox": [142.351, 110.466, 202.231, 274.622], "score": 0.59057}, {"image_id": "Car__259_89_best_win_rider_jpg.rf.54f06792ead5e135c2d93a813fd3e32c", "category_id": 0, "bbox": [169.681, 123.063, 176.681, 218.21], "score": 0.58358}, {"image_id": "Car__1142_90_best_win_non_rider_jpg.rf.68b01a4d6f7354d5ee69e176846c4080", "category_id": 0, "bbox": [193.601, 166.119, 146.535, 245.297], "score": 0.36422}, {"image_id": "Car__1143_85_best_win_rider_jpg.rf.d722324d26de28bb35a606a37f0254c3", "category_id": 0, "bbox": [122.365, 0.0, 258.148, 337.486], "score": 0.86055}, {"image_id": "Car__1147_86_best_win_rider_jpg.rf.d8ea3da88374bc2d7d61ebc9b801dca2", "category_id": 0, "bbox": [192.862, 100.295, 129.427, 138.475], "score": 0.35847}, {"image_id": "Car__1148_86_best_win_rider_jpg.rf.0348c6351eabe47d70487f76bccbf599", "category_id": 0, "bbox": [202.104, 188.246, 166.112, 176.645], "score": 0.38409}, {"image_id": "Car__1152_90_best_win_rider_jpg.rf.00d801c9efed4f923ce5111bec31dbcf", "category_id": 0, "bbox": [147.546, 149.926, 205.026, 240.745], "score": 0.86783}, {"image_id": "Car__1184_88_best_win_rider_jpg.rf.99af1f7cb657c38968e6e520b06ecbec", "category_id": 0, "bbox": [174.711, 120.215, 146.901, 202.632], "score": 0.70947}, {"image_id": "Car__1184_88_best_win_rider_jpg.rf.99af1f7cb657c38968e6e520b06ecbec", "category_id": 0, "bbox": [178.407, 122.916, 165.006, 268.439], "score": 0.30829}, {"image_id": "Car__1186_88_best_win_rider_jpg.rf.a138f0d0a4b2dee843a6f8233f673274", "category_id": 0, "bbox": [192.456, 164.161, 211.815, 235.324], "score": 0.83704}, {"image_id": "Car__1186_88_best_win_rider_jpg.rf.a138f0d0a4b2dee843a6f8233f673274", "category_id": 0, "bbox": [188.346, 159.424, 140.934, 148.211], "score": 0.43849}, {"image_id": "Car__1193_89_best_win_rider_jpg.rf.e395bbde01f8f90698c1ee01065aa106", "category_id": 0, "bbox": [104.942, 139.682, 157.392, 225.684], "score": 0.55132}, {"image_id": "Car__1199_89_best_win_non_rider_jpg.rf.35a4776da3c5b0d6335dd06b54fbc303", "category_id": 0, "bbox": [144.988, 146.166, 232.399, 331.472], "score": 0.77963}, {"image_id": "Car__1204_89_best_win_rider_jpg.rf.6d9f870cde8577326ac20ae0a320dcd7", "category_id": 0, "bbox": [160.518, 145.362, 265.967, 313.966], "score": 0.80825}, {"image_id": "Car__1209_91_best_win_rider_jpg.rf.aeece6ab02be6f6bfe8c7f0ff89fedb4", "category_id": 0, "bbox": [163.823, 168.244, 184.705, 178.529], "score": 0.45591}, {"image_id": "Car__1209_91_best_win_rider_jpg.rf.aeece6ab02be6f6bfe8c7f0ff89fedb4", "category_id": 0, "bbox": [141.663, 124.52, 206.489, 227.897], "score": 0.38872}, {"image_id": "Car__1223_90_best_win_rider_jpg.rf.fdf40013186571cd76efdbfafb1f1768", "category_id": 0, "bbox": [152.414, 166.313, 260.784, 276.912], "score": 0.84562}, {"image_id": "Car__1126_89_best_win_rider_jpg.rf.20742d7ad4314bc55aaba25bcd3129f4", "category_id": 0, "bbox": [180.397, 68.974, 278.716, 362.949], "score": 0.43018}, {"image_id": "Car__1104_89_best_win_rider_jpg.rf.2c9bf97b27f2e3ec1a730653bfdb5d16", "category_id": 0, "bbox": [234.414, 194.405, 158.828, 209.686], "score": 0.51717}, {"image_id": "Car__009_88_best_win_non_rider_jpg.rf.eef3d7e01b71ef51f0df832763dd7046", "category_id": 0, "bbox": [189.926, 236.556, 146.651, 218.787], "score": 0.65242}, {"image_id": "Car__018_88_best_win_non_rider_jpg.rf.c23dd3e681d2b785ffb0b8ff990bf19a", "category_id": 0, "bbox": [206.914, 167.169, 207.36, 325.194], "score": 0.78039}, {"image_id": "Car__019_90_best_win_rider_jpg.rf.9137281d2d55ef786a24bb23a5d94f0b", "category_id": 0, "bbox": [186.336, 121.645, 194.761, 266.684], "score": 0.89759}, {"image_id": "Car__029_85_best_win_rider_jpg.rf.7880e7675af8f616cc1eae638b080a70", "category_id": 0, "bbox": [170.056, 84.54, 192.726, 231.651], "score": 0.61585}, {"image_id": "Car__035_87_best_win_rider_jpg.rf.b22a303362fb7b6a4b0496e337de8d3d", "category_id": 0, "bbox": [165.361, 194.365, 178.959, 162.89], "score": 0.59426}, {"image_id": "Car__035_87_best_win_rider_jpg.rf.b22a303362fb7b6a4b0496e337de8d3d", "category_id": 0, "bbox": [122.07, 143.602, 221.489, 218.376], "score": 0.53316}, {"image_id": "Car__036_87_best_win_rider_jpg.rf.deff5e18f46a3fe937a337cbd9331bd0", "category_id": 0, "bbox": [222.34, 229.569, 166.705, 211.167], "score": 0.72421}, {"image_id": "Car__039_87_best_win_rider_jpg.rf.d41328afea5066a7b3f1cdb0234033d5", "category_id": 0, "bbox": [169.974, 220.417, 199.347, 227.881], "score": 0.86471}, {"image_id": "Car__050_88_best_win_non_rider_jpg.rf.58ce613371dee87b0b263d7feba7813c", "category_id": 0, "bbox": [208.234, 178.063, 162.615, 219.734], "score": 0.69858}, {"image_id": "Car__054_87_best_win_rider_jpg.rf.d3fc821dad63fb8b083267da8d194fe5", "category_id": 0, "bbox": [212.963, 112.779, 247.441, 302.723], "score": 0.64612}, {"image_id": "Car__054_87_best_win_rider_jpg.rf.d3fc821dad63fb8b083267da8d194fe5", "category_id": 0, "bbox": [214.666, 119.683, 196.305, 217.19], "score": 0.34177}, {"image_id": "Car__067_87_best_win_rider_jpg.rf.56ba51d617dd0ca943b39926f0eb446a", "category_id": 0, "bbox": [156.721, 220.866, 197.08, 229.734], "score": 0.49336}, {"image_id": "Car__067_87_best_win_rider_jpg.rf.56ba51d617dd0ca943b39926f0eb446a", "category_id": 0, "bbox": [175.133, 268.348, 187.608, 180.362], "score": 0.35278}, {"image_id": "Car__074_88_best_win_rider_jpg.rf.04b659bc1028325336d6cf3c0d95ac06", "category_id": 0, "bbox": [139.89, 129.85, 157.826, 205.561], "score": 0.34964}, {"image_id": "Car__078_90_best_win_rider_jpg.rf.709cd31cea8821740278d8c2ccea3f5a", "category_id": 0, "bbox": [137.604, 236.206, 174.815, 226.399], "score": 0.86743}, {"image_id": "Car__093_87_best_win_rider_jpg.rf.bef967a57149d7ccdb13bd4bd45b33ce", "category_id": 0, "bbox": [166.531, 184.015, 241.687, 275.807], "score": 0.89745}, {"image_id": "Car__1020_88_best_win_rider_jpg.rf.8004df5fdba4c4c7a4772751eb0dd0cd", "category_id": 0, "bbox": [218.676, 132.919, 177.893, 207.496], "score": 0.45528}, {"image_id": "Car__1023_81_best_win_rider_jpg.rf.c65542d640208c1add5ded0d753d60ee", "category_id": 0, "bbox": [166.77, 182.689, 177.314, 183.717], "score": 0.3693}, {"image_id": "Car__1023_81_best_win_rider_jpg.rf.c65542d640208c1add5ded0d753d60ee", "category_id": 0, "bbox": [189.607, 211.172, 220.256, 252.637], "score": 0.30029}, {"image_id": "Car__1029_87_best_win_non_rider_jpg.rf.0daa362b8a5bfab8889d21f939753010", "category_id": 0, "bbox": [224.202, 184.329, 159.889, 214.331], "score": 0.58784}, {"image_id": "Car__1029_87_best_win_rider_jpg.rf.ca002a9235001ad8968dce51164b205d", "category_id": 0, "bbox": [128.916, 77.072, 167.679, 228.039], "score": 0.43381}, {"image_id": "Car__1034_86_best_win_non_rider_jpg.rf.ee41e5879075e10b64247951b41c5bc2", "category_id": 0, "bbox": [206.872, 179.853, 198.427, 314.184], "score": 0.80078}, {"image_id": "Car__1036_84_best_win_rider_jpg.rf.9efdee8872e109028c3300d28d392288", "category_id": 0, "bbox": [128.215, 167.386, 180.988, 271.349], "score": 0.80111}, {"image_id": "Car__1042_90_best_win_rider_jpg.rf.11b92acc4cb17f6be17aa78ce7e67aa5", "category_id": 0, "bbox": [188.906, 114.47, 168.548, 213.922], "score": 0.39355}, {"image_id": "Car__1054_88_best_win_rider_jpg.rf.0b337fd7c52ee9d5083384af03424461", "category_id": 0, "bbox": [233.89, 156.805, 165.598, 264.665], "score": 0.40585}, {"image_id": "Car__1071_87_best_win_non_rider_jpg.rf.867adaae92dec39f22c7aeafcc21b24a", "category_id": 0, "bbox": [165.05, 223.229, 155.951, 256.957], "score": 0.57713}, {"image_id": "Car__1088_89_best_win_rider_jpg.rf.27014e8e8b7c3d29b1ee7f73a9d9745e", "category_id": 0, "bbox": [179.576, 139.994, 182.61, 197.285], "score": 0.45919}, {"image_id": "Car__1089_89_best_win_rider_jpg.rf.e6ae78c92b0d769b43bbc18baddc201e", "category_id": 0, "bbox": [146.159, 76.198, 224.187, 238.844], "score": 0.76736}, {"image_id": "Car__1097_88_best_win_non_rider_jpg.rf.babdd4446e810103782af398f1545e26", "category_id": 0, "bbox": [171.832, 193.162, 165.792, 262.429], "score": 0.81211}, {"image_id": "Car__126_88_best_win_rider_jpg.rf.a8be91b2f8889330deafb1b982126417", "category_id": 0, "bbox": [192.858, 138.38, 215.269, 246.006], "score": 0.7847}, {"image_id": "Car__1285_89_best_win_rider_jpg.rf.b8abf31676a5a7adf46e8cf556438b6a", "category_id": 0, "bbox": [131.806, 140.138, 205.129, 232.34], "score": 0.72111}, {"image_id": "Car__1285_89_best_win_rider_jpg.rf.b8abf31676a5a7adf46e8cf556438b6a", "category_id": 0, "bbox": [132.916, 137.317, 143.521, 157.525], "score": 0.54812}, {"image_id": "Car__1418_89_best_win_non_rider_jpg.rf.e785edfccd8b60850642a254d36c36a6", "category_id": 0, "bbox": [148.047, 157.471, 247.553, 348.564], "score": 0.85682}, {"image_id": "Car__153_91_best_win_rider_jpg.rf.6a4634e32b89da028dc05bb35dd55217", "category_id": 0, "bbox": [123.076, 142.529, 237.932, 272.381], "score": 0.89683}, {"image_id": "Car__161_84_best_win_rider_jpg.rf.c09176ceb5acae66992fa051f0ffee42", "category_id": 0, "bbox": [164.504, 244.338, 153.468, 188.008], "score": 0.82118}, {"image_id": "Car__171_88_best_win_rider_jpg.rf.97c910ab1514ee60b6972aad75f6d4bd", "category_id": 0, "bbox": [213.146, 146.161, 148.032, 157.957], "score": 0.45607}, {"image_id": "Car__187_88_best_win_rider_jpg.rf.53852aa62c5e5213c3c5a247e74bd73f", "category_id": 0, "bbox": [154.426, 119.313, 222.223, 269.098], "score": 0.56124}, {"image_id": "Car__195_90_best_win_non_rider_jpg.rf.cea5052b450da3f590f3a90ff23096fb", "category_id": 0, "bbox": [187.707, 134.346, 180.14, 315.292], "score": 0.72284}, {"image_id": "Car__213_86_best_win_rider_jpg.rf.e540b458af6616c76daefb7302306538", "category_id": 0, "bbox": [143.499, 78.812, 160.354, 199.072], "score": 0.51238}, {"image_id": "Car__215_87_best_win_rider_jpg.rf.632a3b499abf891bda3750558f894228", "category_id": 0, "bbox": [206.558, 151.72, 206.435, 279.265], "score": 0.79144}, {"image_id": "Car__216_88_best_win_rider_jpg.rf.7d73ad29055efef86d01fb0fba8bc169", "category_id": 0, "bbox": [150.501, 189.372, 263.728, 245.402], "score": 0.75193}, {"image_id": "Car__235_89_best_win_rider_jpg.rf.c1cf27b001b5191c240079ac3a99c42a", "category_id": 0, "bbox": [130.941, 200.098, 127.477, 139.647], "score": 0.61479}, {"image_id": "Car__244_87_best_win_non_rider_jpg.rf.43782f05c9c113bda62cd7938ebe9114", "category_id": 0, "bbox": [172.457, 160.259, 199.461, 317.704], "score": 0.75192}, {"image_id": "Car__247_88_best_win_rider_jpg.rf.aac700b28a7cdcd480be0ba4c0d86216", "category_id": 0, "bbox": [160.002, 174.288, 207.035, 257.814], "score": 0.9067}, {"image_id": "Car__254_86_best_win_rider_jpg.rf.894047b54585248bb89daf3f8e593ad1", "category_id": 0, "bbox": [191.171, 120.224, 162.56, 242.636], "score": 0.81429}, {"image_id": "Car__258_88_best_win_rider_jpg.rf.3653a0d9fed269bebe897f3f3162a469", "category_id": 0, "bbox": [139.31, 97.962, 164.766, 209.873], "score": 0.55483}, {"image_id": "Car__258_88_best_win_rider_jpg.rf.3653a0d9fed269bebe897f3f3162a469", "category_id": 0, "bbox": [133.762, 90.189, 217.383, 293.738], "score": 0.42664}, {"image_id": "Car__1271_87_best_win_non_rider_jpg.rf.9a119078a0462dd94f63fc3e3d9cdbcc", "category_id": 0, "bbox": [140.69, 158.472, 242.543, 351.421], "score": 0.78024}, {"image_id": "Car__1411_89_best_win_rider_jpg.rf.b18e4c6dfaaccfe16c7b9dd0f31e3bee", "category_id": 0, "bbox": [145.458, 184.667, 183.203, 215.988], "score": 0.65043}, {"image_id": "Car__1399_87_best_win_rider_jpg.rf.600665fafa8b9e3dfcc0d693c558755f", "category_id": 0, "bbox": [207.159, 144.579, 199.458, 268.449], "score": 0.93276}, {"image_id": "Car__1287_88_best_win_rider_jpg.rf.2b9c9a5a20ad6ffdb3bcdd11008cf185", "category_id": 0, "bbox": [139.664, 273.865, 152.133, 170.333], "score": 0.77913}, {"image_id": "Car__1333_82_best_win_rider_jpg.rf.c71a665f286f35b07da04b01941e1c28", "category_id": 0, "bbox": [146.528, 165.552, 218.091, 293.914], "score": 0.8145}, {"image_id": "Car__1336_90_best_win_rider_jpg.rf.2d5a619eb4918fb1078d190fd6b9db8c", "category_id": 0, "bbox": [94.834, 150.898, 232.407, 288.236], "score": 0.7744}, {"image_id": "Car__1339_89_best_win_rider_jpg.rf.0bdbf844bb350d11ed8d56cc150eefa8", "category_id": 0, "bbox": [149.411, 153.357, 260.042, 313.206], "score": 0.76677}, {"image_id": "Car__1343_89_best_win_rider_jpg.rf.059d6c4fcf4fc4b3cb2cb9ce9c44a36a", "category_id": 0, "bbox": [190.202, 209.027, 156.476, 249.534], "score": 0.82859}, {"image_id": "Car__1345_86_best_win_rider_jpg.rf.399c9e057cc971cd087ad00537dfd40e", "category_id": 0, "bbox": [141.488, 48.924, 220.492, 331.071], "score": 0.77317}, {"image_id": "Car__1356_87_best_win_rider_jpg.rf.551e6a15cab874d2117541c0e8b9277a", "category_id": 0, "bbox": [133.478, 185.135, 211.805, 249.111], "score": 0.37141}, {"image_id": "Car__1361_84_best_win_non_rider_jpg.rf.8e09679d3d4580faf1a83e7dc5b97481", "category_id": 0, "bbox": [169.408, 189.121, 205.616, 315.248], "score": 0.784}, {"image_id": "Car__1361_84_best_win_rider_jpg.rf.81cde688c7f797488d9cafcab3a6008c", "category_id": 0, "bbox": [176.443, 250.658, 154.314, 212.126], "score": 0.58185}, {"image_id": "Car__1363_87_best_win_rider_jpg.rf.d33b7ee78a9568b455355e43f19c421e", "category_id": 0, "bbox": [164.264, 174.377, 212.403, 264.897], "score": 0.95702}, {"image_id": "Car__137_90_best_win_rider_jpg.rf.a3cf107bff8a12f86f6ecdd92624d5f4", "category_id": 0, "bbox": [193.184, 109.968, 201.224, 264.662], "score": 0.90092}, {"image_id": "Car__1381_89_best_win_rider_jpg.rf.6fceb6b6c7bec092aa4aba8a1df59df7", "category_id": 0, "bbox": [107.404, 99.786, 183.694, 230.471], "score": 0.56315}, {"image_id": "Car__138_86_best_win_rider_jpg.rf.36b11b8ee598bb64a35eca26785077bf", "category_id": 0, "bbox": [199.702, 203.148, 246.619, 313.519], "score": 0.85225}, {"image_id": "Car__1394_91_best_win_rider_jpg.rf.585aa5d0b6f01513b9d16424ee4a920b", "category_id": 0, "bbox": [196.124, 147.219, 147.429, 189.143], "score": 0.43183}, {"image_id": "Car__997_86_best_win_rider_jpg.rf.299e5dd417137c6d5a765e00b8eb7ecf", "category_id": 0, "bbox": [114.492, 149.133, 134.458, 167.765], "score": 0.64744}]